{"cameraMode":{"drawMode":0,"name":"Shaded","section":"Shading Mode"},"sceneLighting":false,"audioPlay":false,"sceneViewState":{"m_AlwaysRefresh":false,"showFog":true,"showSkybox":false,"showFlares":true,"showImageEffects":true,"showParticleSystems":true,"showVisualEffectGraphs":true,"m_FxEnabled":true},"in2DMode":false,"pivot":{"x":12.819999694824219,"y":1.0440001487731934,"z":-0.3723125457763672},"rotation":{"x":0.18229074776172639,"y":-0.09629210084676743,"z":0.017940793186426164,"w":0.9783632159233093},"size":2.0171380043029787,"orthographic":false}