{"cameraMode":{"drawMode":0,"name":"Shaded","section":"Shading Mode"},"sceneLighting":false,"audioPlay":false,"sceneViewState":{"m_AlwaysRefresh":false,"showFog":true,"showSkybox":false,"showFlares":true,"showImageEffects":true,"showParticleSystems":true,"showVisualEffectGraphs":true,"m_FxEnabled":true},"in2DMode":false,"pivot":{"x":0.0000017881393432617188,"y":1.5227513313293458,"z":0.06453794240951538},"rotation":{"x":0.028520505875349046,"y":-0.971109926700592,"z":0.15334106981754304,"w":0.18061944842338563},"size":2.3321940898895265,"orthographic":false}